BEGIN TRANSACTION;
CREATE TABLE IF NOT EXISTS "Conductores" (
	"Id"	INTEGER NOT NULL,
	"Nombre"	TEXT NOT NULL,
	"Activo"	INTEGER NOT NULL,
	CONSTRAINT "PK_Conductores" PRIMARY KEY("Id" AUTOINCREMENT)
);
CREATE TABLE IF NOT EXISTS "Festivos" (
	"Id"	INTEGER NOT NULL,
	"Fecha"	TEXT NOT NULL,
	"Nombre"	TEXT,
	CONSTRAINT "PK_Festivos" PRIMARY KEY("Id" AUTOINCREMENT)
);
CREATE TABLE IF NOT EXISTS "GastosAdministrativos" (
	"Id"	INTEGER NOT NULL,
	"Fecha"	TEXT NOT NULL,
	"Concepto"	TEXT NOT NULL,
	"Valor"	TEXT NOT NULL,
	"Observaciones"	TEXT NOT NULL,
	"Placa"	TEXT NOT NULL DEFAULT '',
	CONSTRAINT "PK_GastosAdministrativos" PRIMARY KEY("Id" AUTOINCREMENT)
);
CREATE TABLE IF NOT EXISTS "LiquidacionesDiarias" (
	"Id"	INTEGER NOT NULL,
	"VehiculoId"	INTEGER NOT NULL,
	"ConductorId"	INTEGER,
	"Fecha"	TEXT NOT NULL,
	"Descripcion"	TEXT,
	"Producido"	TEXT NOT NULL,
	"Gastos"	TEXT,
	"Ahorro"	TEXT,
	"Saldo"	TEXT NOT NULL,
	"PicoYPlaca"	INTEGER NOT NULL,
	"EstadoDia"	TEXT NOT NULL DEFAULT '',
	CONSTRAINT "PK_LiquidacionesDiarias" PRIMARY KEY("Id" AUTOINCREMENT),
	CONSTRAINT "FK_LiquidacionesDiarias_Conductores_ConductorId" FOREIGN KEY("ConductorId") REFERENCES "Conductores"("Id"),
	CONSTRAINT "FK_LiquidacionesDiarias_Vehiculos_VehiculoId" FOREIGN KEY("VehiculoId") REFERENCES "Vehiculos"("Id") ON DELETE CASCADE
);
CREATE TABLE IF NOT EXISTS "Mantenimientos" (
	"Id"	INTEGER NOT NULL,
	"VehiculoId"	INTEGER NOT NULL,
	"Descripcion"	TEXT,
	"Valor"	decimal(18, 2) NOT NULL,
	"Fecha"	TEXT NOT NULL,
	"Kilometraje"	INTEGER,
	"ProximoCambio"	INTEGER,
	"Taller"	TEXT,
	"Garantia"	TEXT,
	"Iva"	TEXT,
	"TipoMantenimientoId"	INTEGER NOT NULL,
	CONSTRAINT "PK_Mantenimientos" PRIMARY KEY("Id" AUTOINCREMENT),
	CONSTRAINT "FK_Mantenimientos_TiposMantenimiento_TipoMantenimientoId" FOREIGN KEY("TipoMantenimientoId") REFERENCES "TiposMantenimiento"("Id") ON DELETE CASCADE,
	CONSTRAINT "FK_Mantenimientos_Vehiculos_VehiculoId" FOREIGN KEY("VehiculoId") REFERENCES "Vehiculos"("Id") ON DELETE CASCADE
);
CREATE TABLE IF NOT EXISTS "TiposMantenimiento" (
	"Id"	INTEGER NOT NULL,
	"Nombre"	TEXT NOT NULL,
	CONSTRAINT "PK_TiposMantenimiento" PRIMARY KEY("Id" AUTOINCREMENT)
);
CREATE TABLE IF NOT EXISTS "Usuarios" (
	"Id"	INTEGER NOT NULL,
	"NombreUsuario"	TEXT NOT NULL,
	"Clave"	TEXT NOT NULL,
	"NombreCompleto"	TEXT NOT NULL,
	CONSTRAINT "PK_Usuarios" PRIMARY KEY("Id" AUTOINCREMENT)
);
CREATE TABLE IF NOT EXISTS "Vehiculos" (
	"Id"	INTEGER NOT NULL,
	"Modelo"	TEXT,
	"Placa"	TEXT NOT NULL,
	"UsuarioId"	TEXT,
	CONSTRAINT "PK_Vehiculos" PRIMARY KEY("Id" AUTOINCREMENT)
);
INSERT INTO "Festivos" VALUES (5528,'2025-01-01 00:00:00','Año Nuevo');
INSERT INTO "Festivos" VALUES (5529,'2025-01-06 00:00:00','Día de los Reyes Magos');
INSERT INTO "Festivos" VALUES (5530,'2025-03-24 00:00:00','Día de San José');
INSERT INTO "Festivos" VALUES (5531,'2025-04-17 00:00:00','Jueves Santo');
INSERT INTO "Festivos" VALUES (5532,'2025-04-18 00:00:00','Viernes Santo');
INSERT INTO "Festivos" VALUES (5533,'2025-05-01 00:00:00','Día del Trabajo');
INSERT INTO "Festivos" VALUES (5534,'2025-06-02 00:00:00','Día de la Ascensión');
INSERT INTO "Festivos" VALUES (5535,'2025-06-23 00:00:00','Corpus Christi');
INSERT INTO "Festivos" VALUES (5536,'2025-06-30 00:00:00','Sagrado Corazón');
INSERT INTO "Festivos" VALUES (5537,'2025-07-20 00:00:00','Día de la Independencia');
INSERT INTO "Festivos" VALUES (5538,'2025-08-07 00:00:00','Batalla de Boyacá');
INSERT INTO "Festivos" VALUES (5539,'2025-08-18 00:00:00','Asunción de la Virgen');
INSERT INTO "Festivos" VALUES (5540,'2025-10-13 00:00:00','Día de la Raza');
INSERT INTO "Festivos" VALUES (5541,'2025-11-03 00:00:00','Todos los Santos');
INSERT INTO "Festivos" VALUES (5542,'2025-11-17 00:00:00','Independencia de Cartagena');
INSERT INTO "Festivos" VALUES (5543,'2025-12-08 00:00:00','Inmaculada Concepción');
INSERT INTO "Festivos" VALUES (5544,'2025-12-25 00:00:00','Navidad');
INSERT INTO "Festivos" VALUES (5545,'2026-01-01 00:00:00','Año Nuevo');
INSERT INTO "Festivos" VALUES (5546,'2026-01-12 00:00:00','Día de los Reyes Magos');
INSERT INTO "Festivos" VALUES (5547,'2026-03-23 00:00:00','Día de San José');
INSERT INTO "Festivos" VALUES (5548,'2026-04-02 00:00:00','Jueves Santo');
INSERT INTO "Festivos" VALUES (5549,'2026-04-03 00:00:00','Viernes Santo');
INSERT INTO "Festivos" VALUES (5550,'2026-05-01 00:00:00','Día del Trabajo');
INSERT INTO "Festivos" VALUES (5551,'2026-05-18 00:00:00','Día de la Ascensión');
INSERT INTO "Festivos" VALUES (5552,'2026-06-08 00:00:00','Corpus Christi');
INSERT INTO "Festivos" VALUES (5553,'2026-06-15 00:00:00','Sagrado Corazón');
INSERT INTO "Festivos" VALUES (5554,'2026-07-03 00:00:00','San Pedro y San Pablo');
INSERT INTO "Festivos" VALUES (5555,'2026-07-20 00:00:00','Día de la Independencia');
INSERT INTO "Festivos" VALUES (5556,'2026-08-07 00:00:00','Batalla de Boyacá');
INSERT INTO "Festivos" VALUES (5557,'2026-08-17 00:00:00','Asunción de la Virgen');
INSERT INTO "Festivos" VALUES (5558,'2026-10-12 00:00:00','Día de la Raza');
INSERT INTO "Festivos" VALUES (5559,'2026-11-02 00:00:00','Todos los Santos');
INSERT INTO "Festivos" VALUES (5560,'2026-11-16 00:00:00','Independencia de Cartagena');
INSERT INTO "Festivos" VALUES (5561,'2026-12-07 00:00:00','Día de las Velitas');
INSERT INTO "Festivos" VALUES (5562,'2026-12-08 00:00:00','Inmaculada Concepción');
INSERT INTO "Festivos" VALUES (5563,'2026-12-25 00:00:00','Navidad');
INSERT INTO "GastosAdministrativos" VALUES (3,'2026-07-15 00:00:00','Aplicaciones','250000.0','yyyyyiiiiii','CII813');
INSERT INTO "GastosAdministrativos" VALUES (4,'2026-02-05 00:00:00','Gastos Rodamiento','71000.0','RODAMIENTO','SMY843');
INSERT INTO "GastosAdministrativos" VALUES (5,'2026-03-10 00:00:00','Gastos Rodamiento','71000.0','RODAMIENTO','SMY843');
INSERT INTO "GastosAdministrativos" VALUES (6,'2026-04-11 00:00:00','Gastos Rodamiento','70000.0','RODAMIENTO','SMY843');
INSERT INTO "GastosAdministrativos" VALUES (7,'2026-06-28 00:00:00','Tecnomecanica','20000.0','PROPINA TECNOMECANICA','SMY843');
INSERT INTO "LiquidacionesDiarias" VALUES (2,5,NULL,'2025-12-02 00:00:00',NULL,'95000.0',NULL,NULL,'95000.0',0,'');
INSERT INTO "LiquidacionesDiarias" VALUES (3,5,NULL,'2025-12-03 00:00:00',NULL,'95000.0','52000.0',NULL,'43000.0',0,'');
INSERT INTO "LiquidacionesDiarias" VALUES (4,5,NULL,'2025-12-04 00:00:00',NULL,'95000.0','55000.0',NULL,'40000.0',0,'');
INSERT INTO "LiquidacionesDiarias" VALUES (6,5,NULL,'2025-12-01 00:00:00',NULL,'95000.0','90000.0',NULL,'5000.0',0,'');
INSERT INTO "LiquidacionesDiarias" VALUES (7,5,NULL,'2025-12-05 00:00:00',NULL,'0.0',NULL,NULL,'0.0',0,'PICO_Y_PLACA');
INSERT INTO "LiquidacionesDiarias" VALUES (8,5,NULL,'2025-12-06 00:00:00',NULL,'95000.0',NULL,NULL,'95000.0',0,'');
INSERT INTO "LiquidacionesDiarias" VALUES (9,5,NULL,'2025-12-07 00:00:00',NULL,'0.0',NULL,NULL,'0.0',0,'');
INSERT INTO "LiquidacionesDiarias" VALUES (10,5,NULL,'2025-12-08 00:00:00',NULL,'0.0',NULL,NULL,'0.0',0,'');
INSERT INTO "LiquidacionesDiarias" VALUES (11,5,NULL,'2025-12-09 00:00:00',NULL,'95000.0','100000.0',NULL,'-5000.0',0,'NORMAL');
INSERT INTO "LiquidacionesDiarias" VALUES (12,5,NULL,'2025-12-10 00:00:00',NULL,'95000.0',NULL,NULL,'95000.0',0,'');
INSERT INTO "LiquidacionesDiarias" VALUES (13,5,NULL,'2025-12-11 00:00:00',NULL,'0.0',NULL,NULL,'0.0',0,'PICO_Y_PLACA');
INSERT INTO "LiquidacionesDiarias" VALUES (14,5,NULL,'2025-12-12 00:00:00',NULL,'95000.0',NULL,NULL,'95000.0',0,'');
INSERT INTO "LiquidacionesDiarias" VALUES (16,5,NULL,'2025-12-14 00:00:00',NULL,'0.0',NULL,NULL,'0.0',0,'NORMAL');
INSERT INTO "LiquidacionesDiarias" VALUES (17,5,NULL,'2025-12-15 00:00:00',NULL,'95000.0',NULL,NULL,'95000.0',0,'');
INSERT INTO "LiquidacionesDiarias" VALUES (18,5,NULL,'2025-12-16 00:00:00',NULL,'95000.0',NULL,NULL,'95000.0',0,'');
INSERT INTO "LiquidacionesDiarias" VALUES (19,5,NULL,'2025-12-17 00:00:00',NULL,'0.0',NULL,NULL,'0.0',0,'');
INSERT INTO "LiquidacionesDiarias" VALUES (20,5,NULL,'2025-12-18 00:00:00',NULL,'95000.0',NULL,NULL,'95000.0',0,'');
INSERT INTO "LiquidacionesDiarias" VALUES (22,5,NULL,'2025-12-19 00:00:00',NULL,'95000.0',NULL,NULL,'95000.0',0,'');
INSERT INTO "LiquidacionesDiarias" VALUES (24,5,NULL,'2025-12-20 00:00:00',NULL,'95000.0',NULL,NULL,'95000.0',0,'');
INSERT INTO "LiquidacionesDiarias" VALUES (25,5,NULL,'2025-12-21 00:00:00',NULL,'0.0',NULL,NULL,'0.0',0,'');
INSERT INTO "LiquidacionesDiarias" VALUES (26,5,NULL,'2025-12-22 00:00:00',NULL,'95000.0',NULL,NULL,'95000.0',0,'');
INSERT INTO "LiquidacionesDiarias" VALUES (27,5,NULL,'2025-12-23 00:00:00',NULL,'0.0',NULL,NULL,'0.0',0,'');
INSERT INTO "LiquidacionesDiarias" VALUES (28,5,NULL,'2025-12-24 00:00:00',NULL,'95000.0',NULL,NULL,'95000.0',0,'');
INSERT INTO "LiquidacionesDiarias" VALUES (29,5,NULL,'2025-12-25 00:00:00',NULL,'0.0',NULL,NULL,'0.0',0,'');
INSERT INTO "LiquidacionesDiarias" VALUES (30,5,NULL,'2025-12-26 00:00:00',NULL,'95000.0',NULL,NULL,'95000.0',0,'');
INSERT INTO "LiquidacionesDiarias" VALUES (31,5,NULL,'2025-12-27 00:00:00',NULL,'95000.0',NULL,NULL,'95000.0',0,'');
INSERT INTO "LiquidacionesDiarias" VALUES (32,5,NULL,'2025-12-28 00:00:00',NULL,'0.0',NULL,NULL,'0.0',0,'');
INSERT INTO "LiquidacionesDiarias" VALUES (33,5,NULL,'2025-12-29 00:00:00',NULL,'0.0',NULL,NULL,'0.0',0,'');
INSERT INTO "LiquidacionesDiarias" VALUES (34,5,NULL,'2025-12-30 00:00:00',NULL,'95000.0',NULL,NULL,'95000.0',0,'');
INSERT INTO "LiquidacionesDiarias" VALUES (36,5,NULL,'2025-12-31 00:00:00',NULL,'95000.0',NULL,NULL,'95000.0',0,'');
INSERT INTO "LiquidacionesDiarias" VALUES (37,5,NULL,'2026-01-01 00:00:00',NULL,'0.0','0.0',NULL,'0.0',0,'');
INSERT INTO "LiquidacionesDiarias" VALUES (38,5,NULL,'2026-01-02 00:00:00',NULL,'0.0','0.0',NULL,'0.0',1,'');
INSERT INTO "LiquidacionesDiarias" VALUES (39,5,NULL,'2026-01-03 00:00:00',NULL,'0.0','40000.0',NULL,'-40000.0',1,'');
INSERT INTO "LiquidacionesDiarias" VALUES (40,5,NULL,'2026-01-04 00:00:00',NULL,'0.0','0.0',NULL,'0.0',1,'');
INSERT INTO "LiquidacionesDiarias" VALUES (45,5,NULL,'2026-01-07 00:00:00',NULL,'0.0','0.0',NULL,'0.0',1,'');
INSERT INTO "LiquidacionesDiarias" VALUES (46,5,NULL,'2026-01-08 00:00:00',NULL,'0.0','52000.0',NULL,'-52000.0',1,'');
INSERT INTO "LiquidacionesDiarias" VALUES (49,5,NULL,'2026-01-06 00:00:00',NULL,'0.0','60000.0',NULL,'-60000.0',1,'');
INSERT INTO "LiquidacionesDiarias" VALUES (50,5,NULL,'2026-01-09 00:00:00',NULL,'0.0','0.0',NULL,'0.0',1,'');
INSERT INTO "LiquidacionesDiarias" VALUES (51,5,NULL,'2026-01-10 00:00:00',NULL,'0.0','140000.0',NULL,'-140000.0',1,'');
INSERT INTO "LiquidacionesDiarias" VALUES (52,5,NULL,'2026-01-11 00:00:00',NULL,'0.0','0.0',NULL,'0.0',0,'');
INSERT INTO "LiquidacionesDiarias" VALUES (53,5,NULL,'2026-01-12 00:00:00',NULL,'0.0','0.0',NULL,'0.0',1,'');
INSERT INTO "LiquidacionesDiarias" VALUES (54,5,NULL,'2026-01-13 00:00:00',NULL,'0.0','0.0',NULL,'0.0',1,'');
INSERT INTO "LiquidacionesDiarias" VALUES (55,5,NULL,'2026-01-14 00:00:00',NULL,'0.0','100160.0',NULL,'-100160.0',1,'');
INSERT INTO "LiquidacionesDiarias" VALUES (56,5,NULL,'2026-01-15 00:00:00',NULL,'0.0','0.0',NULL,'0.0',1,'');
INSERT INTO "LiquidacionesDiarias" VALUES (57,5,NULL,'2026-01-16 00:00:00',NULL,'0.0','0.0',NULL,'0.0',1,'');
INSERT INTO "LiquidacionesDiarias" VALUES (58,5,NULL,'2026-01-17 00:00:00',NULL,'0.0','20000.0','0.0','-20000.0',1,'');
INSERT INTO "LiquidacionesDiarias" VALUES (59,5,NULL,'2026-01-18 00:00:00',NULL,'0.0','1000000.0',NULL,'-1000000.0',0,'');
INSERT INTO "LiquidacionesDiarias" VALUES (60,5,NULL,'2026-01-19 00:00:00',NULL,'95000.0',NULL,NULL,'95000.0',0,'NORMAL');
INSERT INTO "LiquidacionesDiarias" VALUES (61,5,NULL,'2026-01-20 00:00:00',NULL,'95000.0',NULL,NULL,'95000.0',0,'');
INSERT INTO "LiquidacionesDiarias" VALUES (62,5,NULL,'2026-01-21 00:00:00',NULL,'0.0',NULL,NULL,'0.0',1,'');
INSERT INTO "LiquidacionesDiarias" VALUES (63,5,NULL,'2026-01-22 00:00:00',NULL,'95000.0','30000.0',NULL,'65000.0',0,'');
INSERT INTO "LiquidacionesDiarias" VALUES (64,5,NULL,'2026-01-23 00:00:00',NULL,'95000.0','0.0',NULL,'95000.0',0,'');
INSERT INTO "LiquidacionesDiarias" VALUES (65,5,NULL,'2026-01-24 00:00:00',NULL,'95000.0','0.0',NULL,'95000.0',0,'');
INSERT INTO "LiquidacionesDiarias" VALUES (66,5,NULL,'2026-01-25 00:00:00',NULL,'0.0',NULL,NULL,'0.0',0,'');
INSERT INTO "LiquidacionesDiarias" VALUES (67,5,NULL,'2026-01-26 00:00:00',NULL,'95000.0','0.0',NULL,'95000.0',0,'');
INSERT INTO "LiquidacionesDiarias" VALUES (68,5,NULL,'2026-01-28 00:00:00',NULL,'95000.0',NULL,NULL,'95000.0',0,'');
INSERT INTO "LiquidacionesDiarias" VALUES (69,5,NULL,'2026-01-27 00:00:00',NULL,'0.0','50000.0','0.0','-50000.0',1,'');
INSERT INTO "LiquidacionesDiarias" VALUES (70,5,NULL,'2026-01-29 00:00:00',NULL,'95000.0','0.0','0.0','95000.0',0,'');
INSERT INTO "LiquidacionesDiarias" VALUES (71,5,NULL,'2026-01-30 00:00:00',NULL,'95000.0','0.0','0.0','95000.0',0,'');
INSERT INTO "LiquidacionesDiarias" VALUES (72,5,NULL,'2026-01-31 00:00:00',NULL,'95000.0','0.0',NULL,'95000.0',0,'');
INSERT INTO "LiquidacionesDiarias" VALUES (73,5,NULL,'2026-01-05 00:00:00',NULL,'0.0','100000.0',NULL,'-100000.0',0,'NORMAL');
INSERT INTO "LiquidacionesDiarias" VALUES (74,5,NULL,'2026-02-01 00:00:00',NULL,'0.0','0.0',NULL,'0.0',0,'NORMAL');
INSERT INTO "LiquidacionesDiarias" VALUES (75,5,NULL,'2026-02-02 00:00:00',NULL,'0.0','90000.0',NULL,'-90000.0',0,'PICO_Y_PLACA');
INSERT INTO "LiquidacionesDiarias" VALUES (76,5,NULL,'2026-02-03 00:00:00',NULL,'95000.0','52000.0',NULL,'43000.0',0,'NORMAL');
INSERT INTO "LiquidacionesDiarias" VALUES (77,5,NULL,'2026-02-04 00:00:00',NULL,'95000.0',NULL,NULL,'95000.0',0,'NORMAL');
INSERT INTO "LiquidacionesDiarias" VALUES (78,5,NULL,'2026-02-05 00:00:00',NULL,'95000.0',NULL,NULL,'95000.0',0,'NORMAL');
INSERT INTO "LiquidacionesDiarias" VALUES (80,5,NULL,'2026-02-06 00:00:00',NULL,'95000.0',NULL,NULL,'95000.0',0,'NORMAL');
INSERT INTO "LiquidacionesDiarias" VALUES (81,5,NULL,'2026-02-07 00:00:00',NULL,'0.0','0.0',NULL,'0.0',0,'PICO_Y_PLACA');
INSERT INTO "LiquidacionesDiarias" VALUES (82,5,NULL,'2026-02-08 00:00:00',NULL,'0.0','0.0',NULL,'0.0',0,'NORMAL');
INSERT INTO "LiquidacionesDiarias" VALUES (83,5,NULL,'2026-02-09 00:00:00',NULL,'95000.0',NULL,NULL,'95000.0',0,'NORMAL');
INSERT INTO "LiquidacionesDiarias" VALUES (84,5,NULL,'2026-02-10 00:00:00',NULL,'95000.0','0.0',NULL,'95000.0',0,'NORMAL');
INSERT INTO "LiquidacionesDiarias" VALUES (85,5,NULL,'2026-02-11 00:00:00',NULL,'95000.0',NULL,NULL,'95000.0',0,'NORMAL');
INSERT INTO "LiquidacionesDiarias" VALUES (86,5,NULL,'2026-02-12 00:00:00',NULL,'95000.0',NULL,NULL,'95000.0',0,'NORMAL');
INSERT INTO "LiquidacionesDiarias" VALUES (87,5,NULL,'2026-02-13 00:00:00',NULL,'0.0','0.0',NULL,'0.0',0,'PICO_Y_PLACA');
INSERT INTO "LiquidacionesDiarias" VALUES (88,5,NULL,'2026-02-14 00:00:00',NULL,'95000.0',NULL,NULL,'95000.0',0,'NORMAL');
INSERT INTO "LiquidacionesDiarias" VALUES (89,5,NULL,'2026-02-15 00:00:00',NULL,'0.0','0.0',NULL,'0.0',0,'NORMAL');
INSERT INTO "LiquidacionesDiarias" VALUES (90,5,NULL,'2026-02-16 00:00:00',NULL,'95000.0',NULL,NULL,'95000.0',0,'NORMAL');
INSERT INTO "LiquidacionesDiarias" VALUES (91,5,NULL,'2026-02-17 00:00:00',NULL,'95000.0','100000.0',NULL,'-5000.0',0,'TALLER');
INSERT INTO "LiquidacionesDiarias" VALUES (92,5,NULL,'2026-02-18 00:00:00',NULL,'95000.0','60000.0',NULL,'35000.0',0,'TALLER');
INSERT INTO "LiquidacionesDiarias" VALUES (93,5,NULL,'2026-02-19 00:00:00',NULL,'0.0','1000000.0',NULL,'-1000000.0',0,'PICO_Y_PLACA');
INSERT INTO "LiquidacionesDiarias" VALUES (94,5,NULL,'2026-02-20 00:00:00',NULL,'95000.0',NULL,NULL,'95000.0',0,'NORMAL');
INSERT INTO "LiquidacionesDiarias" VALUES (95,5,NULL,'2026-02-21 00:00:00',NULL,'95000.0',NULL,NULL,'95000.0',0,'NORMAL');
INSERT INTO "LiquidacionesDiarias" VALUES (96,5,NULL,'2026-02-22 00:00:00',NULL,'0.0','0.0',NULL,'0.0',0,'NORMAL');
INSERT INTO "LiquidacionesDiarias" VALUES (97,5,NULL,'2026-02-23 00:00:00',NULL,'95000.0','0.0',NULL,'95000.0',0,'NORMAL');
INSERT INTO "LiquidacionesDiarias" VALUES (98,5,NULL,'2026-02-24 00:00:00',NULL,'95000.0','20000.0',NULL,'75000.0',0,'TALLER');
INSERT INTO "LiquidacionesDiarias" VALUES (99,5,NULL,'2026-02-25 00:00:00',NULL,'0.0','0.0',NULL,'0.0',0,'PICO_Y_PLACA');
INSERT INTO "LiquidacionesDiarias" VALUES (100,5,NULL,'2026-02-26 00:00:00',NULL,'95000.0','0.0',NULL,'95000.0',0,'NORMAL');
INSERT INTO "LiquidacionesDiarias" VALUES (101,5,NULL,'2026-02-27 00:00:00',NULL,'95000.0','0.0',NULL,'95000.0',0,'NORMAL');
INSERT INTO "LiquidacionesDiarias" VALUES (102,5,NULL,'2026-02-28 00:00:00',NULL,'95000.0','0.0',NULL,'95000.0',0,'NORMAL');
INSERT INTO "LiquidacionesDiarias" VALUES (103,5,NULL,'2026-03-01 00:00:00',NULL,'0.0','0.0',NULL,'0.0',0,'NORMAL');
INSERT INTO "LiquidacionesDiarias" VALUES (104,5,NULL,'2026-03-02 00:00:00',NULL,'95000.0',NULL,NULL,'95000.0',0,'NORMAL');
INSERT INTO "LiquidacionesDiarias" VALUES (105,5,NULL,'2026-07-07 00:00:00',NULL,'0.0','0.0',NULL,'0.0',0,'PICO_Y_PLACA');
INSERT INTO "LiquidacionesDiarias" VALUES (106,5,NULL,'2026-03-04 00:00:00',NULL,'95000.0','90000.0',NULL,'5000.0',0,'NORMAL');
INSERT INTO "LiquidacionesDiarias" VALUES (107,5,NULL,'2026-03-05 00:00:00',NULL,'95000.0','52000.0',NULL,'43000.0',0,'NORMAL');
INSERT INTO "LiquidacionesDiarias" VALUES (108,5,NULL,'2026-03-06 00:00:00',NULL,'95000.0','60000.0',NULL,'35000.0',0,'NORMAL');
INSERT INTO "LiquidacionesDiarias" VALUES (109,5,NULL,'2026-03-07 00:00:00',NULL,'95000.0','60000.0',NULL,'35000.0',0,'TALLER');
INSERT INTO "LiquidacionesDiarias" VALUES (110,5,NULL,'2026-03-08 00:00:00',NULL,'0.0','0.0',NULL,'0.0',0,'NORMAL');
INSERT INTO "LiquidacionesDiarias" VALUES (111,5,NULL,'2026-03-09 00:00:00',NULL,'0.0','0.0',NULL,'0.0',0,'PICO_Y_PLACA');
INSERT INTO "LiquidacionesDiarias" VALUES (112,5,NULL,'2026-03-10 00:00:00',NULL,'95000.0','0.0',NULL,'95000.0',0,'NORMAL');
INSERT INTO "LiquidacionesDiarias" VALUES (113,5,NULL,'2026-03-11 00:00:00',NULL,'95000.0','0.0',NULL,'95000.0',0,'NORMAL');
INSERT INTO "LiquidacionesDiarias" VALUES (114,5,NULL,'2026-03-12 00:00:00',NULL,'95000.0','0.0',NULL,'95000.0',0,'NORMAL');
INSERT INTO "LiquidacionesDiarias" VALUES (115,5,NULL,'2026-03-13 00:00:00',NULL,'95000.0','0.0',NULL,'95000.0',0,'NORMAL');
INSERT INTO "LiquidacionesDiarias" VALUES (116,5,NULL,'2026-03-14 00:00:00',NULL,'0.0','0.0',NULL,'0.0',0,'PICO_Y_PLACA');
INSERT INTO "LiquidacionesDiarias" VALUES (117,5,NULL,'2026-03-15 00:00:00',NULL,'0.0','0.0',NULL,'0.0',0,'NORMAL');
INSERT INTO "LiquidacionesDiarias" VALUES (118,5,NULL,'2026-03-16 00:00:00',NULL,'95000.0',NULL,NULL,'95000.0',0,'NORMAL');
INSERT INTO "LiquidacionesDiarias" VALUES (119,5,NULL,'2026-03-17 00:00:00',NULL,'95000.0','0.0',NULL,'95000.0',0,'NORMAL');
INSERT INTO "LiquidacionesDiarias" VALUES (120,5,NULL,'2026-03-18 00:00:00',NULL,'95000.0','0.0',NULL,'95000.0',0,'NORMAL');
INSERT INTO "LiquidacionesDiarias" VALUES (121,5,NULL,'2026-03-19 00:00:00',NULL,'95000.0','0.0',NULL,'95000.0',0,'NORMAL');
INSERT INTO "LiquidacionesDiarias" VALUES (122,5,NULL,'2026-03-20 00:00:00',NULL,'0.0','0.0',NULL,'0.0',0,'PICO_Y_PLACA');
INSERT INTO "LiquidacionesDiarias" VALUES (123,5,NULL,'2026-03-21 00:00:00',NULL,'95000.0',NULL,NULL,'95000.0',0,'NORMAL');
INSERT INTO "LiquidacionesDiarias" VALUES (124,5,NULL,'2026-03-22 00:00:00',NULL,'0.0','0.0',NULL,'0.0',0,'NORMAL');
INSERT INTO "LiquidacionesDiarias" VALUES (125,5,NULL,'2026-03-23 00:00:00',NULL,'0.0','0.0',NULL,'0.0',0,'NORMAL');
INSERT INTO "LiquidacionesDiarias" VALUES (126,5,NULL,'2026-03-24 00:00:00',NULL,'95000.0','134000.0',NULL,'-39000.0',0,'NORMAL');
INSERT INTO "LiquidacionesDiarias" VALUES (127,5,NULL,'2026-03-25 00:00:00',NULL,'95000.0','0.0',NULL,'95000.0',0,'NORMAL');
INSERT INTO "LiquidacionesDiarias" VALUES (128,5,NULL,'2026-03-26 00:00:00',NULL,'0.0','0.0',NULL,'0.0',0,'PICO_Y_PLACA');
INSERT INTO "LiquidacionesDiarias" VALUES (129,5,NULL,'2026-03-27 00:00:00',NULL,'95000.0','0.0',NULL,'95000.0',0,'NORMAL');
INSERT INTO "LiquidacionesDiarias" VALUES (130,5,NULL,'2026-03-28 00:00:00',NULL,'95000.0','0.0',NULL,'95000.0',0,'NORMAL');
INSERT INTO "LiquidacionesDiarias" VALUES (131,5,NULL,'2026-03-29 00:00:00',NULL,'0.0','0.0',NULL,'0.0',0,'NORMAL');
INSERT INTO "LiquidacionesDiarias" VALUES (132,5,NULL,'2026-03-30 00:00:00',NULL,'95000.0','0.0',NULL,'95000.0',0,'NORMAL');
INSERT INTO "LiquidacionesDiarias" VALUES (133,5,NULL,'2026-03-31 00:00:00',NULL,'95000.0','0.0',NULL,'95000.0',0,'NORMAL');
INSERT INTO "LiquidacionesDiarias" VALUES (134,5,NULL,'2026-04-01 00:00:00',NULL,'0.0','0.0',NULL,'0.0',0,'PICO_Y_PLACA');
INSERT INTO "LiquidacionesDiarias" VALUES (135,5,NULL,'2026-04-02 00:00:00',NULL,'0.0','0.0',NULL,'0.0',0,'NORMAL');
INSERT INTO "LiquidacionesDiarias" VALUES (136,5,NULL,'2026-04-03 00:00:00',NULL,'0.0','0.0',NULL,'0.0',0,'NORMAL');
INSERT INTO "LiquidacionesDiarias" VALUES (137,5,NULL,'2026-04-04 00:00:00',NULL,'95000.0','0.0',NULL,'95000.0',0,'NORMAL');
INSERT INTO "LiquidacionesDiarias" VALUES (138,5,NULL,'2026-04-05 00:00:00',NULL,'0.0','0.0',NULL,'0.0',0,'NORMAL');
INSERT INTO "LiquidacionesDiarias" VALUES (139,5,NULL,'2026-04-06 00:00:00',NULL,'95000.0','60000.0',NULL,'35000.0',0,'NORMAL');
INSERT INTO "LiquidacionesDiarias" VALUES (140,5,NULL,'2026-04-07 00:00:00',NULL,'0.0','0.0',NULL,'0.0',0,'PICO_Y_PLACA');
INSERT INTO "LiquidacionesDiarias" VALUES (141,5,NULL,'2026-04-08 00:00:00',NULL,'95000.0','780000.0',NULL,'-685000.0',0,'NORMAL');
INSERT INTO "LiquidacionesDiarias" VALUES (142,5,NULL,'2026-04-09 00:00:00',NULL,'95000.0','90000.0',NULL,'5000.0',0,'NORMAL');
INSERT INTO "LiquidacionesDiarias" VALUES (143,5,NULL,'2026-04-10 00:00:00',NULL,'95000.0','52000.0',NULL,'43000.0',0,'NORMAL');
INSERT INTO "LiquidacionesDiarias" VALUES (144,5,NULL,'2026-04-11 00:00:00',NULL,'95000.0','153000.0',NULL,'-58000.0',0,'NORMAL');
INSERT INTO "LiquidacionesDiarias" VALUES (145,5,NULL,'2026-04-12 00:00:00',NULL,'0.0','148000.0',NULL,'-148000.0',0,'NORMAL');
INSERT INTO "LiquidacionesDiarias" VALUES (146,5,NULL,'2026-04-13 00:00:00',NULL,'0.0','0.0',NULL,'0.0',0,'PICO_Y_PLACA');
INSERT INTO "LiquidacionesDiarias" VALUES (148,5,NULL,'2026-04-14 00:00:00',NULL,'0.0','0.0',NULL,'0.0',0,'NORMAL');
INSERT INTO "LiquidacionesDiarias" VALUES (149,5,NULL,'2026-04-15 00:00:00',NULL,'0.0','0.0',NULL,'0.0',0,'NORMAL');
INSERT INTO "LiquidacionesDiarias" VALUES (150,5,NULL,'2026-04-16 00:00:00',NULL,'0.0','0.0',NULL,'0.0',0,'NORMAL');
INSERT INTO "LiquidacionesDiarias" VALUES (151,5,NULL,'2026-04-18 00:00:00',NULL,'0.0','0.0',NULL,'0.0',0,'PICO_Y_PLACA');
INSERT INTO "LiquidacionesDiarias" VALUES (152,5,NULL,'2026-04-19 00:00:00',NULL,'0.0','0.0',NULL,'0.0',0,'NORMAL');
INSERT INTO "LiquidacionesDiarias" VALUES (153,5,NULL,'2026-04-17 00:00:00',NULL,'0.0','0.0',NULL,'0.0',0,'NORMAL');
INSERT INTO "LiquidacionesDiarias" VALUES (154,5,NULL,'2026-04-20 00:00:00',NULL,'95000.0','135000.0',NULL,'-40000.0',0,'NORMAL');
INSERT INTO "LiquidacionesDiarias" VALUES (155,5,NULL,'2026-04-21 00:00:00',NULL,'95000.0','0.0',NULL,'95000.0',0,'NORMAL');
INSERT INTO "LiquidacionesDiarias" VALUES (156,5,NULL,'2026-04-22 00:00:00',NULL,'95000.0','35000.0',NULL,'60000.0',0,'NORMAL');
INSERT INTO "LiquidacionesDiarias" VALUES (157,5,NULL,'2026-04-23 00:00:00',NULL,'95000.0','0.0',NULL,'95000.0',0,'NORMAL');
INSERT INTO "LiquidacionesDiarias" VALUES (158,5,NULL,'2026-04-26 00:00:00',NULL,'0.0','0.0',NULL,'0.0',0,'NORMAL');
INSERT INTO "LiquidacionesDiarias" VALUES (159,5,NULL,'2026-04-27 00:00:00',NULL,'95000.0','0.0',NULL,'95000.0',0,'NORMAL');
INSERT INTO "LiquidacionesDiarias" VALUES (160,5,NULL,'2026-04-28 00:00:00',NULL,'95000.0','0.0',NULL,'95000.0',0,'NORMAL');
INSERT INTO "LiquidacionesDiarias" VALUES (161,5,NULL,'2026-04-29 00:00:00',NULL,'95000.0','0.0',NULL,'95000.0',0,'NORMAL');
INSERT INTO "LiquidacionesDiarias" VALUES (162,5,NULL,'2026-04-30 00:00:00',NULL,'0.0','0.0',NULL,'0.0',0,'PICO_Y_PLACA');
INSERT INTO "LiquidacionesDiarias" VALUES (163,5,NULL,'2026-04-25 00:00:00',NULL,'95000.0','0.0',NULL,'95000.0',0,'NORMAL');
INSERT INTO "LiquidacionesDiarias" VALUES (164,5,NULL,'2026-04-24 00:00:00',NULL,'0.0','0.0',NULL,'0.0',0,'PICO_Y_PLACA');
INSERT INTO "LiquidacionesDiarias" VALUES (165,5,NULL,'2025-12-13 00:00:00',NULL,'95000.0','1000000.0',NULL,'-905000.0',0,'NORMAL');
INSERT INTO "LiquidacionesDiarias" VALUES (166,5,NULL,'2026-05-01 00:00:00',NULL,'0.0','100000.0',NULL,'-100000.0',0,'NORMAL');
INSERT INTO "LiquidacionesDiarias" VALUES (167,5,NULL,'2026-05-02 00:00:00',NULL,'95000.0','60000.0',NULL,'35000.0',0,'NORMAL');
INSERT INTO "LiquidacionesDiarias" VALUES (168,5,NULL,'2026-05-03 00:00:00',NULL,'0.0','90000.0',NULL,'-90000.0',0,'NORMAL');
INSERT INTO "LiquidacionesDiarias" VALUES (169,5,NULL,'2026-05-04 00:00:00',NULL,'100000.0','52000.0',NULL,'48000.0',0,'NORMAL');
INSERT INTO "LiquidacionesDiarias" VALUES (170,5,NULL,'2026-05-05 00:00:00',NULL,'100000.0','0.0',NULL,'100000.0',0,'NORMAL');
INSERT INTO "LiquidacionesDiarias" VALUES (171,5,NULL,'2026-05-06 00:00:00',NULL,'0.0','0.0',NULL,'0.0',0,'PICO_Y_PLACA');
INSERT INTO "LiquidacionesDiarias" VALUES (172,5,NULL,'2026-05-07 00:00:00',NULL,'100000.0','245000.0',NULL,'-145000.0',0,'TALLER');
INSERT INTO "LiquidacionesDiarias" VALUES (173,5,NULL,'2026-05-08 00:00:00',NULL,'100000.0','0.0',NULL,'100000.0',0,'NORMAL');
INSERT INTO "LiquidacionesDiarias" VALUES (174,5,NULL,'2026-05-09 00:00:00',NULL,'100000.0',NULL,NULL,'100000.0',0,'NORMAL');
INSERT INTO "LiquidacionesDiarias" VALUES (175,5,NULL,'2026-05-24 00:00:00',NULL,'0.0','330000.0',NULL,'-330000.0',0,'NORMAL');
INSERT INTO "LiquidacionesDiarias" VALUES (177,5,NULL,'2026-05-10 00:00:00',NULL,'0.0',NULL,NULL,'0.0',0,'NORMAL');
INSERT INTO "LiquidacionesDiarias" VALUES (178,5,NULL,'2026-05-11 00:00:00',NULL,'100000.0',NULL,NULL,'100000.0',0,'NORMAL');
INSERT INTO "LiquidacionesDiarias" VALUES (179,5,NULL,'2026-05-12 00:00:00',NULL,'0.0',NULL,NULL,'0.0',0,'PICO_Y_PLACA');
INSERT INTO "LiquidacionesDiarias" VALUES (180,5,NULL,'2026-05-13 00:00:00',NULL,'100000.0',NULL,NULL,'100000.0',0,'NORMAL');
INSERT INTO "LiquidacionesDiarias" VALUES (181,5,NULL,'2026-05-14 00:00:00',NULL,'100000.0',NULL,NULL,'100000.0',0,'NORMAL');
INSERT INTO "LiquidacionesDiarias" VALUES (182,5,NULL,'2026-05-15 00:00:00',NULL,'100000.0',NULL,NULL,'100000.0',0,'NORMAL');
INSERT INTO "LiquidacionesDiarias" VALUES (183,5,NULL,'2026-05-16 00:00:00',NULL,'100000.0',NULL,NULL,'100000.0',0,'NORMAL');
INSERT INTO "LiquidacionesDiarias" VALUES (184,5,NULL,'2026-05-17 00:00:00',NULL,'0.0','1000000.0',NULL,'-1000000.0',0,'NORMAL');
INSERT INTO "LiquidacionesDiarias" VALUES (185,5,NULL,'2026-05-18 00:00:00',NULL,'0.0',NULL,NULL,'0.0',0,'NORMAL');
INSERT INTO "LiquidacionesDiarias" VALUES (186,5,NULL,'2026-05-19 00:00:00',NULL,'100000.0',NULL,NULL,'100000.0',0,'NORMAL');
INSERT INTO "LiquidacionesDiarias" VALUES (187,5,NULL,'2026-05-20 00:00:00',NULL,'100000.0',NULL,NULL,'100000.0',0,'NORMAL');
INSERT INTO "LiquidacionesDiarias" VALUES (188,5,NULL,'2026-05-21 00:00:00',NULL,'100000.0',NULL,NULL,'100000.0',0,'NORMAL');
INSERT INTO "LiquidacionesDiarias" VALUES (189,5,NULL,'2026-05-22 00:00:00',NULL,'100000.0',NULL,NULL,'100000.0',0,'NORMAL');
INSERT INTO "LiquidacionesDiarias" VALUES (190,5,NULL,'2026-05-23 00:00:00',NULL,'0.0',NULL,NULL,'0.0',0,'PICO_Y_PLACA');
INSERT INTO "LiquidacionesDiarias" VALUES (191,5,NULL,'2026-05-25 00:00:00',NULL,'100000.0','20000.0',NULL,'80000.0',0,'NORMAL');
INSERT INTO "LiquidacionesDiarias" VALUES (192,5,NULL,'2026-05-26 00:00:00',NULL,'100000.0','9000.0',NULL,'91000.0',0,'NORMAL');
INSERT INTO "LiquidacionesDiarias" VALUES (193,5,NULL,'2026-05-27 00:00:00',NULL,'100000.0','380000.0',NULL,'-280000.0',0,'NORMAL');
INSERT INTO "LiquidacionesDiarias" VALUES (194,5,NULL,'2026-05-28 00:00:00',NULL,'100000.0','30000.0',NULL,'70000.0',0,'NORMAL');
INSERT INTO "LiquidacionesDiarias" VALUES (195,5,NULL,'2026-05-29 00:00:00',NULL,'0.0',NULL,NULL,'0.0',0,'PICO_Y_PLACA');
INSERT INTO "LiquidacionesDiarias" VALUES (196,5,NULL,'2026-05-30 00:00:00',NULL,'100000.0',NULL,NULL,'100000.0',0,'NORMAL');
INSERT INTO "LiquidacionesDiarias" VALUES (197,5,NULL,'2026-05-31 00:00:00',NULL,'0.0',NULL,NULL,'0.0',0,'NORMAL');
INSERT INTO "LiquidacionesDiarias" VALUES (198,5,NULL,'2026-06-01 00:00:00',NULL,'100000.0','90000.0',NULL,'10000.0',0,'NORMAL');
INSERT INTO "LiquidacionesDiarias" VALUES (199,5,NULL,'2026-06-02 00:00:00',NULL,'100000.0','52000.0',NULL,'48000.0',0,'NORMAL');
INSERT INTO "LiquidacionesDiarias" VALUES (200,5,NULL,'2026-06-03 00:00:00',NULL,'100000.0',NULL,NULL,'100000.0',0,'NORMAL');
INSERT INTO "LiquidacionesDiarias" VALUES (201,5,NULL,'2026-06-04 00:00:00',NULL,'0.0',NULL,NULL,'0.0',0,'PICO_Y_PLACA');
INSERT INTO "LiquidacionesDiarias" VALUES (202,5,NULL,'2026-06-05 00:00:00',NULL,'100000.0',NULL,NULL,'100000.0',0,'NORMAL');
INSERT INTO "LiquidacionesDiarias" VALUES (203,5,NULL,'2026-06-06 00:00:00',NULL,'100000.0',NULL,NULL,'100000.0',0,'NORMAL');
INSERT INTO "LiquidacionesDiarias" VALUES (204,5,NULL,'2026-06-07 00:00:00',NULL,'0.0',NULL,NULL,'0.0',0,'NORMAL');
INSERT INTO "LiquidacionesDiarias" VALUES (205,5,NULL,'2026-06-08 00:00:00',NULL,'0.0',NULL,NULL,'0.0',0,'NORMAL');
INSERT INTO "LiquidacionesDiarias" VALUES (206,5,NULL,'2026-07-13 00:00:00',NULL,'0.0','100000.0',NULL,'-100000.0',0,'NORMAL');
INSERT INTO "LiquidacionesDiarias" VALUES (210,6,NULL,'2026-07-15 00:00:00',NULL,'0.0','0.0',NULL,'0.0',0,'PICO_Y_PLACA');
INSERT INTO "LiquidacionesDiarias" VALUES (211,1,NULL,'2026-01-01 00:00:00',NULL,'0.0','0.0','0.0','0.0',0,'NORMAL');
INSERT INTO "LiquidacionesDiarias" VALUES (212,1,NULL,'2026-01-02 00:00:00',NULL,'0.0','0.0','5000.0','0.0',0,'NORMAL');
INSERT INTO "LiquidacionesDiarias" VALUES (213,1,NULL,'2026-01-03 00:00:00',NULL,'0.0','0.0','5000.0','0.0',0,'NORMAL');
INSERT INTO "LiquidacionesDiarias" VALUES (214,1,NULL,'2026-01-04 00:00:00',NULL,'0.0','25000.0','0.0','-25000.0',0,'NORMAL');
INSERT INTO "LiquidacionesDiarias" VALUES (215,1,NULL,'2026-01-05 00:00:00',NULL,'0.0','75000.0','0.0','-75000.0',0,'PICO_Y_PLACA');
INSERT INTO "LiquidacionesDiarias" VALUES (216,1,NULL,'2026-01-06 00:00:00',NULL,'0.0','0.0','5000.0','0.0',0,'NORMAL');
INSERT INTO "LiquidacionesDiarias" VALUES (217,1,NULL,'2026-01-07 00:00:00',NULL,'0.0','0.0','5000.0','0.0',0,'NORMAL');
INSERT INTO "LiquidacionesDiarias" VALUES (218,1,NULL,'2026-01-08 00:00:00',NULL,'0.0','0.0','5000.0','0.0',0,'NORMAL');
INSERT INTO "LiquidacionesDiarias" VALUES (219,1,NULL,'2026-01-09 00:00:00',NULL,'0.0','0.0','5000.0','0.0',0,'NORMAL');
INSERT INTO "LiquidacionesDiarias" VALUES (220,1,NULL,'2026-01-10 00:00:00',NULL,'0.0','0.0','0.0','0.0',0,'PICO_Y_PLACA');
INSERT INTO "LiquidacionesDiarias" VALUES (221,1,NULL,'2026-01-11 00:00:00',NULL,'0.0','20000.0','0.0','-20000.0',0,'NORMAL');
INSERT INTO "LiquidacionesDiarias" VALUES (222,1,NULL,'2026-01-12 00:00:00',NULL,'0.0','40000.0','0.0','-40000.0',0,'NORMAL');
INSERT INTO "LiquidacionesDiarias" VALUES (223,1,NULL,'2026-01-13 00:00:00',NULL,'95000.0','50000.0','5000.0','45000.0',0,'NORMAL');
INSERT INTO "LiquidacionesDiarias" VALUES (224,1,NULL,'2026-01-14 00:00:00',NULL,'95000.0','25000.0','5000.0','70000.0',0,'NORMAL');
INSERT INTO "LiquidacionesDiarias" VALUES (225,1,NULL,'2026-01-15 00:00:00',NULL,'95000.0','80000.0','5000.0','15000.0',0,'NORMAL');
INSERT INTO "LiquidacionesDiarias" VALUES (226,1,NULL,'2026-01-16 00:00:00',NULL,'0.0','0.0','0.0','0.0',0,'PICO_Y_PLACA');
INSERT INTO "LiquidacionesDiarias" VALUES (227,1,NULL,'2026-01-17 00:00:00',NULL,'95000.0','0.0','5000.0','95000.0',0,'NORMAL');
INSERT INTO "LiquidacionesDiarias" VALUES (228,1,NULL,'2026-01-18 00:00:00',NULL,'0.0','0.0','0.0','0.0',0,'NORMAL');
INSERT INTO "LiquidacionesDiarias" VALUES (229,1,NULL,'2026-01-19 00:00:00',NULL,'45000.0','0.0','5000.0','45000.0',0,'NORMAL');
INSERT INTO "LiquidacionesDiarias" VALUES (230,1,NULL,'2026-01-20 00:00:00',NULL,'95000.0','0.0','5000.0','95000.0',0,'NORMAL');
INSERT INTO "LiquidacionesDiarias" VALUES (231,1,NULL,'2026-01-21 00:00:00',NULL,'95000.0','0.0','5000.0','95000.0',0,'NORMAL');
INSERT INTO "LiquidacionesDiarias" VALUES (232,1,NULL,'2026-01-22 00:00:00',NULL,'0.0','0.0','5000.0','0.0',0,'PICO_Y_PLACA');
INSERT INTO "LiquidacionesDiarias" VALUES (233,1,NULL,'2026-01-23 00:00:00',NULL,'95000.0','0.0','5000.0','95000.0',0,'NORMAL');
INSERT INTO "LiquidacionesDiarias" VALUES (234,1,NULL,'2026-01-24 00:00:00',NULL,'95000.0','0.0','5000.0','95000.0',0,'NORMAL');
INSERT INTO "LiquidacionesDiarias" VALUES (235,1,NULL,'2026-01-25 00:00:00',NULL,'0.0','0.0','0.0','0.0',0,'NORMAL');
INSERT INTO "LiquidacionesDiarias" VALUES (236,1,NULL,'2026-01-26 00:00:00',NULL,'95000.0','0.0','5000.0','95000.0',0,'NORMAL');
INSERT INTO "LiquidacionesDiarias" VALUES (237,1,NULL,'2026-01-27 00:00:00',NULL,'95000.0','0.0','5000.0','95000.0',0,'NORMAL');
INSERT INTO "LiquidacionesDiarias" VALUES (238,1,NULL,'2026-01-28 00:00:00',NULL,'0.0','0.0','0.0','0.0',0,'PICO_Y_PLACA');
INSERT INTO "LiquidacionesDiarias" VALUES (239,1,NULL,'2026-01-29 00:00:00',NULL,'95000.0','0.0','5000.0','95000.0',0,'NORMAL');
INSERT INTO "LiquidacionesDiarias" VALUES (240,1,NULL,'2026-01-30 00:00:00',NULL,'95000.0','0.0','5000.0','95000.0',0,'NORMAL');
INSERT INTO "LiquidacionesDiarias" VALUES (241,1,NULL,'2026-01-31 00:00:00',NULL,'0.0','0.0','0.0','0.0',0,'NORMAL');
INSERT INTO "LiquidacionesDiarias" VALUES (242,1,NULL,'2026-02-01 00:00:00',NULL,'0.0','0.0','0.0','0.0',0,'NORMAL');
INSERT INTO "LiquidacionesDiarias" VALUES (243,1,NULL,'2026-02-02 00:00:00',NULL,'95000.0','0.0','0.0','95000.0',0,'NORMAL');
INSERT INTO "LiquidacionesDiarias" VALUES (244,1,NULL,'2026-02-03 00:00:00',NULL,'0.0','0.0','0.0','0.0',0,'PICO_Y_PLACA');
INSERT INTO "LiquidacionesDiarias" VALUES (245,1,NULL,'2026-02-04 00:00:00',NULL,'95000.0','91000.0','0.0','4000.0',0,'NORMAL');
INSERT INTO "LiquidacionesDiarias" VALUES (246,1,NULL,'2026-02-05 00:00:00',NULL,'95000.0','71000.0','0.0','24000.0',0,'NORMAL');
INSERT INTO "LiquidacionesDiarias" VALUES (247,1,NULL,'2026-02-06 00:00:00',NULL,'95000.0','280000.0','0.0','-185000.0',0,'NORMAL');
INSERT INTO "LiquidacionesDiarias" VALUES (248,1,NULL,'2026-02-07 00:00:00',NULL,'95000.0','0.0','0.0','95000.0',0,'NORMAL');
INSERT INTO "LiquidacionesDiarias" VALUES (249,1,NULL,'2026-02-08 00:00:00',NULL,'0.0','0.0','0.0','0.0',0,'NORMAL');
INSERT INTO "LiquidacionesDiarias" VALUES (250,1,NULL,'2026-02-09 00:00:00',NULL,'0.0','0.0','0.0','0.0',0,'PICO_Y_PLACA');
INSERT INTO "LiquidacionesDiarias" VALUES (251,1,NULL,'2026-02-10 00:00:00',NULL,'95000.0','0.0','0.0','95000.0',0,'NORMAL');
INSERT INTO "LiquidacionesDiarias" VALUES (252,1,NULL,'2026-02-11 00:00:00',NULL,'95000.0','0.0','0.0','95000.0',0,'NORMAL');
INSERT INTO "LiquidacionesDiarias" VALUES (253,1,NULL,'2026-02-13 00:00:00',NULL,'95000.0','0.0','0.0','95000.0',0,'NORMAL');
INSERT INTO "LiquidacionesDiarias" VALUES (255,1,NULL,'2026-02-12 00:00:00',NULL,'95000.0','0.0','0.0','95000.0',0,'NORMAL');
INSERT INTO "LiquidacionesDiarias" VALUES (256,1,NULL,'2026-02-14 00:00:00',NULL,'0.0','0.0','0.0','0.0',0,'PICO_Y_PLACA');
INSERT INTO "LiquidacionesDiarias" VALUES (257,1,NULL,'2026-02-15 00:00:00',NULL,'0.0','0.0','0.0','0.0',0,'NORMAL');
INSERT INTO "LiquidacionesDiarias" VALUES (258,1,NULL,'2026-02-16 00:00:00',NULL,'95000.0','0.0','0.0','95000.0',0,'NORMAL');
INSERT INTO "LiquidacionesDiarias" VALUES (259,1,NULL,'2026-02-17 00:00:00',NULL,'95000.0','0.0','0.0','95000.0',0,'NORMAL');
INSERT INTO "LiquidacionesDiarias" VALUES (260,1,NULL,'2026-02-18 00:00:00',NULL,'95000.0','0.0','0.0','95000.0',0,'NORMAL');
INSERT INTO "LiquidacionesDiarias" VALUES (261,1,NULL,'2026-02-19 00:00:00',NULL,'0.0','50000.0','0.0','-50000.0',0,'TALLER');
INSERT INTO "LiquidacionesDiarias" VALUES (262,1,NULL,'2026-02-20 00:00:00',NULL,'0.0','150000.0','0.0','-150000.0',0,'PICO_Y_PLACA');
INSERT INTO "LiquidacionesDiarias" VALUES (263,1,NULL,'2026-02-21 00:00:00',NULL,'95000.0','0.0','0.0','95000.0',0,'NORMAL');
INSERT INTO "LiquidacionesDiarias" VALUES (264,1,NULL,'2026-02-22 00:00:00',NULL,'0.0','25000.0','0.0','-25000.0',0,'NORMAL');
INSERT INTO "LiquidacionesDiarias" VALUES (265,1,NULL,'2026-02-23 00:00:00',NULL,'95000.0','0.0','0.0','95000.0',0,'NORMAL');
INSERT INTO "LiquidacionesDiarias" VALUES (266,1,NULL,'2026-02-24 00:00:00',NULL,'95000.0','0.0','0.0','95000.0',0,'NORMAL');
INSERT INTO "LiquidacionesDiarias" VALUES (267,1,NULL,'2026-02-25 00:00:00',NULL,'95000.0','0.0','0.0','95000.0',0,'NORMAL');
INSERT INTO "LiquidacionesDiarias" VALUES (268,1,NULL,'2026-02-26 00:00:00',NULL,'0.0','0.0','0.0','0.0',0,'PICO_Y_PLACA');
INSERT INTO "LiquidacionesDiarias" VALUES (269,1,NULL,'2026-02-27 00:00:00',NULL,'0.0','0.0','0.0','0.0',0,'NORMAL');
INSERT INTO "LiquidacionesDiarias" VALUES (270,1,NULL,'2026-02-28 00:00:00',NULL,'0.0','0.0','0.0','0.0',0,'NORMAL');
INSERT INTO "LiquidacionesDiarias" VALUES (271,1,NULL,'2026-03-01 00:00:00',NULL,'0.0','0.0','0.0','0.0',0,'NORMAL');
INSERT INTO "LiquidacionesDiarias" VALUES (272,1,NULL,'2026-03-02 00:00:00',NULL,'95000.0','0.0','0.0','95000.0',0,'NORMAL');
INSERT INTO "LiquidacionesDiarias" VALUES (273,1,NULL,'2026-03-03 00:00:00',NULL,'95000.0','0.0','0.0','95000.0',0,'NORMAL');
INSERT INTO "LiquidacionesDiarias" VALUES (274,1,NULL,'2026-03-04 00:00:00',NULL,'0.0','0.0','0.0','0.0',0,'PICO_Y_PLACA');
INSERT INTO "LiquidacionesDiarias" VALUES (275,1,NULL,'2026-03-05 00:00:00',NULL,'95000.0','0.0','0.0','95000.0',0,'NORMAL');
INSERT INTO "LiquidacionesDiarias" VALUES (276,1,NULL,'2026-03-06 00:00:00',NULL,'95000.0','0.0','0.0','95000.0',0,'NORMAL');
INSERT INTO "LiquidacionesDiarias" VALUES (277,1,NULL,'2026-03-07 00:00:00',NULL,'95000.0','0.0','0.0','95000.0',0,'NORMAL');
INSERT INTO "LiquidacionesDiarias" VALUES (278,1,NULL,'2026-03-08 00:00:00',NULL,'0.0','0.0','0.0','0.0',0,'NORMAL');
INSERT INTO "LiquidacionesDiarias" VALUES (279,1,NULL,'2026-03-09 00:00:00',NULL,'95000.0','0.0','0.0','95000.0',0,'NORMAL');
INSERT INTO "LiquidacionesDiarias" VALUES (280,1,NULL,'2026-03-10 00:00:00',NULL,'0.0','71000.0','0.0','-71000.0',0,'PICO_Y_PLACA');
INSERT INTO "LiquidacionesDiarias" VALUES (281,1,NULL,'2026-03-11 00:00:00',NULL,'95000.0','0.0','0.0','95000.0',0,'NORMAL');
INSERT INTO "LiquidacionesDiarias" VALUES (282,1,NULL,'2026-03-12 00:00:00',NULL,'95000.0','0.0','0.0','95000.0',0,'NORMAL');
INSERT INTO "LiquidacionesDiarias" VALUES (283,1,NULL,'2026-03-13 00:00:00',NULL,'95000.0','380000.0','0.0','-285000.0',0,'NORMAL');
INSERT INTO "LiquidacionesDiarias" VALUES (284,1,NULL,'2026-03-14 00:00:00',NULL,'95000.0','0.0','0.0','95000.0',0,'NORMAL');
INSERT INTO "LiquidacionesDiarias" VALUES (285,1,NULL,'2026-03-15 00:00:00',NULL,'0.0','0.0','0.0','0.0',0,'NORMAL');
INSERT INTO "LiquidacionesDiarias" VALUES (286,1,NULL,'2026-03-16 00:00:00',NULL,'0.0','0.0','0.0','0.0',0,'PICO_Y_PLACA');
INSERT INTO "LiquidacionesDiarias" VALUES (287,1,NULL,'2026-03-17 00:00:00',NULL,'95000.0','0.0','0.0','95000.0',0,'NORMAL');
INSERT INTO "LiquidacionesDiarias" VALUES (288,1,NULL,'2026-03-18 00:00:00',NULL,'95000.0','0.0','0.0','95000.0',0,'NORMAL');
INSERT INTO "LiquidacionesDiarias" VALUES (289,1,NULL,'2026-03-19 00:00:00',NULL,'95000.0','0.0','0.0','95000.0',0,'NORMAL');
INSERT INTO "LiquidacionesDiarias" VALUES (290,1,NULL,'2026-03-20 00:00:00',NULL,'95000.0','0.0','0.0','95000.0',0,'NORMAL');
INSERT INTO "LiquidacionesDiarias" VALUES (291,1,NULL,'2026-03-21 00:00:00',NULL,'0.0','0.0','0.0','0.0',0,'PICO_Y_PLACA');
INSERT INTO "LiquidacionesDiarias" VALUES (292,1,NULL,'2026-03-22 00:00:00',NULL,'0.0','0.0','0.0','0.0',0,'NORMAL');
INSERT INTO "LiquidacionesDiarias" VALUES (293,1,NULL,'2026-03-23 00:00:00',NULL,'0.0','0.0','0.0','0.0',0,'NORMAL');
INSERT INTO "LiquidacionesDiarias" VALUES (294,1,NULL,'2026-03-24 00:00:00',NULL,'95000.0','0.0','0.0','95000.0',0,'NORMAL');
INSERT INTO "LiquidacionesDiarias" VALUES (295,1,NULL,'2026-03-25 00:00:00',NULL,'95000.0','0.0','0.0','95000.0',0,'NORMAL');
INSERT INTO "LiquidacionesDiarias" VALUES (296,1,NULL,'2026-03-26 00:00:00',NULL,'95000.0','0.0','0.0','95000.0',0,'NORMAL');
INSERT INTO "LiquidacionesDiarias" VALUES (297,1,NULL,'2026-03-27 00:00:00',NULL,'0.0','0.0','0.0','0.0',0,'PICO_Y_PLACA');
INSERT INTO "LiquidacionesDiarias" VALUES (298,1,NULL,'2026-03-28 00:00:00',NULL,'95000.0','0.0','0.0','95000.0',0,'NORMAL');
INSERT INTO "LiquidacionesDiarias" VALUES (299,1,NULL,'2026-03-29 00:00:00',NULL,'0.0','0.0','0.0','0.0',0,'NORMAL');
INSERT INTO "LiquidacionesDiarias" VALUES (300,1,NULL,'2026-03-30 00:00:00',NULL,'95000.0','0.0','0.0','95000.0',0,'NORMAL');
INSERT INTO "LiquidacionesDiarias" VALUES (301,1,NULL,'2026-03-31 00:00:00',NULL,'95000.0','0.0','0.0','95000.0',0,'NORMAL');
INSERT INTO "LiquidacionesDiarias" VALUES (302,1,NULL,'2026-04-01 00:00:00',NULL,'95000.0','0.0','0.0','95000.0',0,'NORMAL');
INSERT INTO "LiquidacionesDiarias" VALUES (303,1,NULL,'2026-04-02 00:00:00',NULL,'0.0','0.0','0.0','0.0',0,'PICO_Y_PLACA');
INSERT INTO "LiquidacionesDiarias" VALUES (304,1,NULL,'2026-04-03 00:00:00',NULL,'0.0','0.0','0.0','0.0',0,'NORMAL');
INSERT INTO "LiquidacionesDiarias" VALUES (305,1,NULL,'2026-04-04 00:00:00',NULL,'95000.0','0.0','0.0','95000.0',0,'NORMAL');
INSERT INTO "LiquidacionesDiarias" VALUES (306,1,NULL,'2026-04-05 00:00:00',NULL,'0.0','0.0','0.0','0.0',0,'NORMAL');
INSERT INTO "LiquidacionesDiarias" VALUES (307,1,NULL,'2026-04-06 00:00:00',NULL,'95000.0','0.0','0.0','95000.0',0,'NORMAL');
INSERT INTO "LiquidacionesDiarias" VALUES (308,1,NULL,'2026-04-07 00:00:00',NULL,'95000.0','0.0','0.0','95000.0',0,'NORMAL');
INSERT INTO "LiquidacionesDiarias" VALUES (309,1,NULL,'2026-04-08 00:00:00',NULL,'0.0','0.0','0.0','0.0',0,'PICO_Y_PLACA');
INSERT INTO "LiquidacionesDiarias" VALUES (310,1,NULL,'2026-04-09 00:00:00',NULL,'95000.0','290000.0','0.0','-195000.0',0,'NORMAL');
INSERT INTO "LiquidacionesDiarias" VALUES (311,1,NULL,'2026-04-10 00:00:00',NULL,'95000.0','0.0','0.0','95000.0',0,'NORMAL');
INSERT INTO "LiquidacionesDiarias" VALUES (312,1,NULL,'2026-04-11 00:00:00',NULL,'95000.0','70000.0','0.0','25000.0',0,'NORMAL');
INSERT INTO "LiquidacionesDiarias" VALUES (313,1,NULL,'2026-04-12 00:00:00',NULL,'0.0','0.0','0.0','0.0',0,'NORMAL');
INSERT INTO "LiquidacionesDiarias" VALUES (314,1,NULL,'2026-04-13 00:00:00',NULL,'95000.0','0.0','0.0','95000.0',0,'NORMAL');
INSERT INTO "LiquidacionesDiarias" VALUES (315,1,NULL,'2026-04-14 00:00:00',NULL,'0.0','0.0','0.0','0.0',0,'PICO_Y_PLACA');
INSERT INTO "LiquidacionesDiarias" VALUES (316,1,NULL,'2026-04-15 00:00:00',NULL,'95000.0','40000.0','0.0','55000.0',0,'NORMAL');
INSERT INTO "LiquidacionesDiarias" VALUES (317,1,NULL,'2026-04-16 00:00:00',NULL,'95000.0','0.0','0.0','95000.0',0,'NORMAL');
INSERT INTO "LiquidacionesDiarias" VALUES (318,1,NULL,'2026-04-17 00:00:00',NULL,'95000.0','0.0','0.0','95000.0',0,'NORMAL');
INSERT INTO "LiquidacionesDiarias" VALUES (319,1,NULL,'2026-04-18 00:00:00',NULL,'95000.0','364000.0','0.0','-269000.0',0,'NORMAL');
INSERT INTO "LiquidacionesDiarias" VALUES (320,1,NULL,'2026-04-19 00:00:00',NULL,'0.0','0.0','0.0','0.0',0,'NORMAL');
INSERT INTO "LiquidacionesDiarias" VALUES (321,1,NULL,'2026-04-20 00:00:00',NULL,'0.0','0.0','0.0','0.0',0,'PICO_Y_PLACA');
INSERT INTO "LiquidacionesDiarias" VALUES (322,1,NULL,'2026-04-21 00:00:00',NULL,'95000.0','0.0','0.0','95000.0',0,'NORMAL');
INSERT INTO "LiquidacionesDiarias" VALUES (323,1,NULL,'2026-04-22 00:00:00',NULL,'95000.0','0.0','0.0','95000.0',0,'NORMAL');
INSERT INTO "LiquidacionesDiarias" VALUES (324,1,NULL,'2026-04-23 00:00:00',NULL,'95000.0','0.0','0.0','95000.0',0,'NORMAL');
INSERT INTO "LiquidacionesDiarias" VALUES (325,1,NULL,'2026-04-24 00:00:00',NULL,'95000.0','0.0','0.0','95000.0',0,'NORMAL');
INSERT INTO "LiquidacionesDiarias" VALUES (326,1,NULL,'2026-04-25 00:00:00',NULL,'0.0','0.0','0.0','0.0',0,'PICO_Y_PLACA');
INSERT INTO "LiquidacionesDiarias" VALUES (327,1,NULL,'2026-04-26 00:00:00',NULL,'0.0','0.0','0.0','0.0',0,'NORMAL');
INSERT INTO "LiquidacionesDiarias" VALUES (328,1,NULL,'2026-04-27 00:00:00',NULL,'95000.0','120000.0','0.0','-25000.0',0,'NORMAL');
INSERT INTO "LiquidacionesDiarias" VALUES (329,1,NULL,'2026-04-28 00:00:00',NULL,'95000.0','0.0','0.0','95000.0',0,'NORMAL');
INSERT INTO "LiquidacionesDiarias" VALUES (330,1,NULL,'2026-04-29 00:00:00',NULL,'95000.0','0.0','0.0','95000.0',0,'NORMAL');
INSERT INTO "LiquidacionesDiarias" VALUES (331,1,NULL,'2026-04-30 00:00:00',NULL,'95000.0','195000.0','0.0','-100000.0',0,'NORMAL');
INSERT INTO "LiquidacionesDiarias" VALUES (332,1,NULL,'2026-05-01 00:00:00',NULL,'0.0','0.0','0.0','0.0',0,'PICO_Y_PLACA');
INSERT INTO "LiquidacionesDiarias" VALUES (333,1,NULL,'2026-05-02 00:00:00',NULL,'95000.0','0.0','0.0','95000.0',0,'NORMAL');
INSERT INTO "LiquidacionesDiarias" VALUES (334,1,NULL,'2026-05-03 00:00:00',NULL,'0.0','0.0','0.0','0.0',0,'NORMAL');
INSERT INTO "LiquidacionesDiarias" VALUES (335,1,NULL,'2026-05-04 00:00:00',NULL,'95000.0','0.0','0.0','95000.0',0,'NORMAL');
INSERT INTO "LiquidacionesDiarias" VALUES (336,1,NULL,'2026-05-05 00:00:00',NULL,'95000.0','0.0','0.0','95000.0',0,'NORMAL');
INSERT INTO "LiquidacionesDiarias" VALUES (337,1,NULL,'2026-05-06 00:00:00',NULL,'95000.0','0.0','0.0','95000.0',0,'NORMAL');
INSERT INTO "LiquidacionesDiarias" VALUES (338,1,NULL,'2026-05-07 00:00:00',NULL,'0.0','0.0','0.0','0.0',0,'PICO_Y_PLACA');
INSERT INTO "LiquidacionesDiarias" VALUES (339,1,NULL,'2026-05-08 00:00:00',NULL,'95000.0','145000.0','0.0','-50000.0',0,'NORMAL');
INSERT INTO "LiquidacionesDiarias" VALUES (340,1,NULL,'2026-05-09 00:00:00',NULL,'95000.0','0.0','0.0','95000.0',0,'NORMAL');
INSERT INTO "LiquidacionesDiarias" VALUES (341,1,NULL,'2026-05-10 00:00:00',NULL,'0.0','0.0','0.0','0.0',0,'NORMAL');
INSERT INTO "LiquidacionesDiarias" VALUES (342,1,NULL,'2026-05-11 00:00:00',NULL,'95000.0','50000.0','0.0','45000.0',0,'NORMAL');
INSERT INTO "LiquidacionesDiarias" VALUES (343,1,NULL,'2026-05-12 00:00:00',NULL,'95000.0','80000.0','0.0','15000.0',0,'NORMAL');
INSERT INTO "LiquidacionesDiarias" VALUES (344,1,NULL,'2026-05-13 00:00:00',NULL,'0.0','0.0','0.0','0.0',0,'PICO_Y_PLACA');
INSERT INTO "LiquidacionesDiarias" VALUES (345,1,NULL,'2026-05-14 00:00:00',NULL,'95000.0','0.0','0.0','95000.0',0,'NORMAL');
INSERT INTO "LiquidacionesDiarias" VALUES (346,1,NULL,'2026-05-15 00:00:00',NULL,'95000.0','0.0','0.0','95000.0',0,'NORMAL');
INSERT INTO "LiquidacionesDiarias" VALUES (347,1,NULL,'2026-05-16 00:00:00',NULL,'95000.0','0.0','0.0','95000.0',0,'NORMAL');
INSERT INTO "LiquidacionesDiarias" VALUES (348,1,NULL,'2026-05-17 00:00:00',NULL,'0.0','0.0','0.0','0.0',0,'NORMAL');
INSERT INTO "LiquidacionesDiarias" VALUES (349,1,NULL,'2026-05-18 00:00:00',NULL,'0.0','0.0','0.0','0.0',0,'NORMAL');
INSERT INTO "LiquidacionesDiarias" VALUES (350,1,NULL,'2026-05-19 00:00:00',NULL,'0.0','0.0','0.0','0.0',0,'PICO_Y_PLACA');
INSERT INTO "LiquidacionesDiarias" VALUES (351,1,NULL,'2026-05-20 00:00:00',NULL,'95000.0','0.0','0.0','95000.0',0,'NORMAL');
INSERT INTO "LiquidacionesDiarias" VALUES (352,1,NULL,'2026-05-21 00:00:00',NULL,'95000.0','0.0','0.0','95000.0',0,'NORMAL');
INSERT INTO "LiquidacionesDiarias" VALUES (353,1,NULL,'2026-05-22 00:00:00',NULL,'95000.0','0.0','0.0','95000.0',0,'NORMAL');
INSERT INTO "LiquidacionesDiarias" VALUES (354,1,NULL,'2026-05-23 00:00:00',NULL,'95000.0','0.0','0.0','95000.0',0,'NORMAL');
INSERT INTO "LiquidacionesDiarias" VALUES (355,1,NULL,'2026-05-24 00:00:00',NULL,'0.0','0.0','0.0','0.0',0,'NORMAL');
INSERT INTO "LiquidacionesDiarias" VALUES (356,1,NULL,'2026-05-25 00:00:00',NULL,'0.0','0.0','0.0','0.0',0,'PICO_Y_PLACA');
INSERT INTO "LiquidacionesDiarias" VALUES (357,1,NULL,'2026-05-26 00:00:00',NULL,'100000.0','0.0','0.0','100000.0',0,'NORMAL');
INSERT INTO "LiquidacionesDiarias" VALUES (358,1,NULL,'2026-05-27 00:00:00',NULL,'100000.0','0.0','0.0','100000.0',0,'NORMAL');
INSERT INTO "LiquidacionesDiarias" VALUES (359,1,NULL,'2026-05-28 00:00:00',NULL,'100000.0','0.0','0.0','100000.0',0,'NORMAL');
INSERT INTO "LiquidacionesDiarias" VALUES (360,1,NULL,'2026-05-29 00:00:00',NULL,'100000.0','0.0','0.0','100000.0',0,'NORMAL');
INSERT INTO "LiquidacionesDiarias" VALUES (361,1,NULL,'2026-05-30 00:00:00',NULL,'0.0','0.0','0.0','0.0',0,'PICO_Y_PLACA');
INSERT INTO "LiquidacionesDiarias" VALUES (362,1,NULL,'2026-05-31 00:00:00',NULL,'0.0','0.0','0.0','0.0',0,'NORMAL');
INSERT INTO "LiquidacionesDiarias" VALUES (363,1,NULL,'2026-06-01 00:00:00',NULL,'100000.0','0.0','0.0','100000.0',0,'NORMAL');
INSERT INTO "LiquidacionesDiarias" VALUES (364,1,NULL,'2026-06-02 00:00:00',NULL,'100000.0','0.0','0.0','100000.0',0,'NORMAL');
INSERT INTO "LiquidacionesDiarias" VALUES (365,1,NULL,'2026-06-03 00:00:00',NULL,'100000.0','0.0','0.0','100000.0',0,'NORMAL');
INSERT INTO "LiquidacionesDiarias" VALUES (366,1,NULL,'2026-06-04 00:00:00',NULL,'100000.0','0.0','0.0','100000.0',0,'NORMAL');
INSERT INTO "LiquidacionesDiarias" VALUES (367,1,NULL,'2026-06-05 00:00:00',NULL,'0.0','0.0','0.0','0.0',0,'NORMAL');
INSERT INTO "LiquidacionesDiarias" VALUES (368,1,NULL,'2026-06-06 00:00:00',NULL,'100000.0','0.0','0.0','100000.0',0,'NORMAL');
INSERT INTO "LiquidacionesDiarias" VALUES (369,1,NULL,'2026-06-07 00:00:00',NULL,'0.0','90000.0','0.0','-90000.0',0,'NORMAL');
INSERT INTO "LiquidacionesDiarias" VALUES (370,1,NULL,'2026-06-08 00:00:00',NULL,'0.0','0.0','0.0','0.0',0,'NORMAL');
INSERT INTO "LiquidacionesDiarias" VALUES (371,1,NULL,'2026-06-09 00:00:00',NULL,'100000.0','0.0','0.0','100000.0',0,'NORMAL');
INSERT INTO "LiquidacionesDiarias" VALUES (372,1,NULL,'2026-06-10 00:00:00',NULL,'100000.0','84000.0','0.0','16000.0',0,'NORMAL');
INSERT INTO "LiquidacionesDiarias" VALUES (373,1,NULL,'2026-06-11 00:00:00',NULL,'0.0','40000.0','0.0','-40000.0',0,'PICO_Y_PLACA');
INSERT INTO "LiquidacionesDiarias" VALUES (374,1,NULL,'2026-06-12 00:00:00',NULL,'100000.0','0.0','0.0','100000.0',0,'NORMAL');
INSERT INTO "LiquidacionesDiarias" VALUES (375,1,NULL,'2026-06-13 00:00:00',NULL,'100000.0','0.0','0.0','100000.0',0,'NORMAL');
INSERT INTO "LiquidacionesDiarias" VALUES (376,1,NULL,'2026-06-14 00:00:00',NULL,'0.0','0.0','0.0','0.0',0,'NORMAL');
INSERT INTO "LiquidacionesDiarias" VALUES (377,1,NULL,'2026-06-15 00:00:00',NULL,'0.0','0.0','0.0','0.0',0,'NORMAL');
INSERT INTO "LiquidacionesDiarias" VALUES (378,1,NULL,'2026-06-16 00:00:00',NULL,'100000.0','0.0','0.0','100000.0',0,'NORMAL');
INSERT INTO "LiquidacionesDiarias" VALUES (379,1,NULL,'2026-06-17 00:00:00',NULL,'0.0','0.0','0.0','0.0',0,'PICO_Y_PLACA');
INSERT INTO "LiquidacionesDiarias" VALUES (380,1,NULL,'2026-06-18 00:00:00',NULL,'100000.0','0.0','0.0','100000.0',0,'NORMAL');
INSERT INTO "LiquidacionesDiarias" VALUES (381,1,NULL,'2026-06-19 00:00:00',NULL,'100000.0','0.0','0.0','100000.0',0,'NORMAL');
INSERT INTO "LiquidacionesDiarias" VALUES (382,1,NULL,'2026-06-20 00:00:00',NULL,'100000.0','0.0','0.0','100000.0',0,'NORMAL');
INSERT INTO "LiquidacionesDiarias" VALUES (383,1,NULL,'2026-06-21 00:00:00',NULL,'0.0','0.0','0.0','0.0',0,'NORMAL');
INSERT INTO "LiquidacionesDiarias" VALUES (384,1,NULL,'2026-06-22 00:00:00',NULL,'100000.0','0.0','0.0','100000.0',0,'NORMAL');
INSERT INTO "LiquidacionesDiarias" VALUES (385,1,NULL,'2026-06-23 00:00:00',NULL,'0.0','0.0','0.0','0.0',0,'PICO_Y_PLACA');
INSERT INTO "LiquidacionesDiarias" VALUES (386,1,NULL,'2026-06-24 00:00:00',NULL,'100000.0','0.0','0.0','100000.0',0,'NORMAL');
INSERT INTO "LiquidacionesDiarias" VALUES (387,1,NULL,'2026-06-25 00:00:00',NULL,'100000.0','0.0','0.0','100000.0',0,'NORMAL');
INSERT INTO "LiquidacionesDiarias" VALUES (388,1,NULL,'2026-06-26 00:00:00',NULL,'100000.0','0.0','0.0','100000.0',0,'NORMAL');
INSERT INTO "LiquidacionesDiarias" VALUES (389,1,NULL,'2026-06-27 00:00:00',NULL,'100000.0','0.0','0.0','100000.0',0,'NORMAL');
INSERT INTO "LiquidacionesDiarias" VALUES (390,1,NULL,'2026-06-28 00:00:00',NULL,'0.0','20000.0','0.0','-20000.0',0,'NORMAL');
INSERT INTO "LiquidacionesDiarias" VALUES (391,1,NULL,'2026-06-29 00:00:00',NULL,'0.0','0.0','0.0','0.0',0,'PICO_Y_PLACA');
INSERT INTO "LiquidacionesDiarias" VALUES (392,1,NULL,'2026-06-30 00:00:00',NULL,'100000.0','12000.0','0.0','88000.0',0,'NORMAL');
INSERT INTO "LiquidacionesDiarias" VALUES (393,1,NULL,'2026-07-01 00:00:00',NULL,'100000.0','0.0','0.0','100000.0',0,'NORMAL');
INSERT INTO "LiquidacionesDiarias" VALUES (394,1,NULL,'2026-07-02 00:00:00',NULL,'100000.0','0.0','0.0','100000.0',0,'NORMAL');
INSERT INTO "LiquidacionesDiarias" VALUES (395,1,NULL,'2026-07-03 00:00:00',NULL,'100000.0','0.0','0.0','100000.0',0,'NORMAL');
INSERT INTO "LiquidacionesDiarias" VALUES (396,1,NULL,'2026-07-04 00:00:00',NULL,'0.0','0.0','0.0','0.0',0,'PICO_Y_PLACA');
INSERT INTO "LiquidacionesDiarias" VALUES (397,1,NULL,'2026-07-05 00:00:00',NULL,'0.0','14000.0','0.0','-14000.0',0,'NORMAL');
INSERT INTO "LiquidacionesDiarias" VALUES (398,1,NULL,'2026-07-06 00:00:00',NULL,'100000.0','30000.0','0.0','70000.0',0,'NORMAL');
INSERT INTO "LiquidacionesDiarias" VALUES (399,1,NULL,'2026-07-07 00:00:00',NULL,'100000.0','0.0','0.0','100000.0',0,'NORMAL');
INSERT INTO "LiquidacionesDiarias" VALUES (400,1,NULL,'2026-07-08 00:00:00',NULL,'100000.0','0.0','0.0','100000.0',0,'NORMAL');
INSERT INTO "LiquidacionesDiarias" VALUES (401,1,NULL,'2026-07-09 00:00:00',NULL,'100000.0','70500.0','0.0','29500.0',0,'NORMAL');
INSERT INTO "LiquidacionesDiarias" VALUES (402,1,NULL,'2026-07-10 00:00:00',NULL,'0.0','0.0','0.0','0.0',0,'PICO_Y_PLACA');
INSERT INTO "Mantenimientos" VALUES (3,5,'salud',90000,'2025-12-01 00:00:00',NULL,NULL,'pedro',NULL,NULL,9);
INSERT INTO "Mantenimientos" VALUES (4,5,'app',52000,'2025-12-02 00:00:00',NULL,NULL,'libres',NULL,NULL,9);
INSERT INTO "Mantenimientos" VALUES (5,5,'rodamiento DICIEMBRE2025',55000,'2025-12-03 00:00:00',NULL,NULL,NULL,NULL,NULL,9);
INSERT INTO "Mantenimientos" VALUES (6,5,'CAMBIO DE ACEITE',100000,'2025-12-09 00:00:00',NULL,NULL,'mundial',NULL,NULL,7);
INSERT INTO "Mantenimientos" VALUES (7,5,'cuota HERNAN DICIEMBRE',1000000,'2025-12-13 00:00:00',NULL,NULL,'HERNAN SANCHEZ',NULL,NULL,9);
INSERT INTO "Mantenimientos" VALUES (10,5,'PINTURA PARA MORDAZAS',40000,'2026-01-03 00:00:00',NULL,NULL,NULL,NULL,NULL,9);
INSERT INTO "Mantenimientos" VALUES (11,5,'PINTURA DE BOMPER',100000,'2026-01-05 00:00:00',NULL,NULL,'AVELINO',NULL,NULL,9);
INSERT INTO "Mantenimientos" VALUES (12,5,'RODAMIENTO',60000,'2026-01-06 00:00:00',NULL,NULL,'TAXI YA',NULL,NULL,9);
INSERT INTO "Mantenimientos" VALUES (13,5,'APLICACIONES',52000,'2026-01-08 00:00:00',NULL,NULL,'LIBRES',NULL,NULL,9);
INSERT INTO "Mantenimientos" VALUES (14,5,'SW DE LUCES',140000,'2026-01-10 00:00:00',NULL,NULL,NULL,NULL,NULL,9);
INSERT INTO "Mantenimientos" VALUES (15,5,NULL,100160,'2026-01-14 00:00:00',NULL,NULL,'MUNDIAL',NULL,NULL,7);
INSERT INTO "Mantenimientos" VALUES (16,5,'PLAN DE MANTENIMIENTO TAXI YA',20000,'2026-01-17 00:00:00',NULL,NULL,'TAXI YA',NULL,NULL,9);
INSERT INTO "Mantenimientos" VALUES (17,5,'CUOTA HERNÁN ',1000000,'2026-01-18 00:00:00',NULL,NULL,'HERNAN SANCHEZ',NULL,NULL,9);
INSERT INTO "Mantenimientos" VALUES (18,5,'TAPA RADIADOR',30000,'2026-01-22 00:00:00',NULL,NULL,NULL,NULL,NULL,9);
INSERT INTO "Mantenimientos" VALUES (19,5,'ALMUERZO CUMPLE PEDRO',50000,'2026-01-27 00:00:00',NULL,NULL,NULL,NULL,NULL,9);
INSERT INTO "Mantenimientos" VALUES (20,5,'Salud',90000,'2026-02-02 00:00:00',NULL,NULL,NULL,NULL,NULL,9);
INSERT INTO "Mantenimientos" VALUES (21,5,'Aplicaciones',52000,'2026-02-03 00:00:00',NULL,NULL,NULL,NULL,NULL,9);
INSERT INTO "Mantenimientos" VALUES (22,5,'CAMBIO DE ACEITE',100000,'2026-02-17 00:00:00',NULL,NULL,NULL,NULL,NULL,7);
INSERT INTO "Mantenimientos" VALUES (23,5,'RODAMIENTOS',60000,'2026-02-18 00:00:00',NULL,NULL,NULL,NULL,NULL,9);
INSERT INTO "Mantenimientos" VALUES (24,5,'PLAN DE MANTENIMIENTO',20000,'2026-02-24 00:00:00',NULL,NULL,NULL,NULL,NULL,9);
INSERT INTO "Mantenimientos" VALUES (25,5,'SALUD',90000,'2026-03-04 00:00:00',NULL,NULL,NULL,NULL,NULL,9);
INSERT INTO "Mantenimientos" VALUES (26,5,'APLICACIONES',52000,'2026-03-05 00:00:00',NULL,NULL,NULL,NULL,NULL,9);
INSERT INTO "Mantenimientos" VALUES (27,5,'arreglo carro colorado',60000,'2026-03-06 00:00:00',NULL,NULL,NULL,NULL,NULL,9);
INSERT INTO "Mantenimientos" VALUES (28,5,'RODAMIENTO',60000,'2026-03-07 00:00:00',NULL,NULL,NULL,NULL,NULL,9);
INSERT INTO "Mantenimientos" VALUES (29,5,'RODAMIENTO',60000,'2026-04-06 00:00:00',NULL,NULL,NULL,NULL,NULL,9);
INSERT INTO "Mantenimientos" VALUES (30,5,'ARREGLO CLOS FREDY',780000,'2026-04-08 00:00:00',NULL,NULL,NULL,NULL,NULL,9);
INSERT INTO "Mantenimientos" VALUES (31,5,'SALUD',90000,'2026-04-09 00:00:00',NULL,NULL,NULL,NULL,NULL,9);
INSERT INTO "Mantenimientos" VALUES (32,5,'APLICACIONES',52000,'2026-04-10 00:00:00',NULL,NULL,NULL,NULL,NULL,9);
INSERT INTO "Mantenimientos" VALUES (33,5,'IMPUESTO VDR817',148000,'2026-04-12 00:00:00',NULL,NULL,NULL,NULL,NULL,9);
INSERT INTO "Mantenimientos" VALUES (34,5,'CAMBIO DE BOMBA DE CLOS',135000,'2026-04-20 00:00:00',NULL,NULL,NULL,NULL,NULL,9);
INSERT INTO "Mantenimientos" VALUES (35,5,'TAPA',35000,'2026-04-22 00:00:00',NULL,NULL,NULL,NULL,NULL,9);
INSERT INTO "Mantenimientos" VALUES (36,5,'TAPA RADIADOR',30000,'2026-05-28 00:00:00',NULL,NULL,'ALEMANA DE CAUCHOS',NULL,NULL,9);
INSERT INTO "Mantenimientos" VALUES (37,5,'CUOTA HERNÁN ',1000000,'2026-04-18 00:00:00',NULL,NULL,NULL,NULL,NULL,9);
INSERT INTO "Mantenimientos" VALUES (38,5,'CUOTA HERNAN',1000000,'2026-02-19 00:00:00',NULL,NULL,NULL,NULL,NULL,9);
INSERT INTO "Mantenimientos" VALUES (39,5,'Cambio de correa',245000,'2026-05-07 00:00:00',NULL,NULL,NULL,NULL,NULL,9);
INSERT INTO "Mantenimientos" VALUES (40,5,'RAYADOR Y REFRIGERANTE',330000,'2026-05-24 00:00:00',NULL,NULL,NULL,NULL,NULL,9);
INSERT INTO "Mantenimientos" VALUES (41,5,'CAMBIO DE ACITE CON SUPERKOTE',134000,'2026-03-24 00:00:00',NULL,NULL,'LUBRICENTRO MUNDIAL',NULL,NULL,7);
INSERT INTO "Mantenimientos" VALUES (42,5,'CAMBIO DE ACEITE',100000,'2026-05-01 00:00:00',NULL,NULL,NULL,NULL,NULL,7);
INSERT INTO "Mantenimientos" VALUES (43,5,'RODAMIENTO',60000,'2026-05-02 00:00:00',NULL,NULL,'TAXI YA',NULL,NULL,9);
INSERT INTO "Mantenimientos" VALUES (44,5,'SALUD',90000,'2026-05-03 00:00:00',NULL,NULL,'PEDRO',NULL,NULL,9);
INSERT INTO "Mantenimientos" VALUES (45,5,'APLICACIONES PEDRO',52000,'2026-05-04 00:00:00',NULL,NULL,NULL,NULL,NULL,9);
INSERT INTO "Mantenimientos" VALUES (46,5,'PLAN DE MANTENIMIENTO TAXI YA',20000,'2026-05-25 00:00:00',NULL,NULL,NULL,NULL,NULL,9);
INSERT INTO "Mantenimientos" VALUES (47,5,'TAXI YA TARJETON',9000,'2026-05-26 00:00:00',NULL,NULL,NULL,NULL,NULL,9);
INSERT INTO "Mantenimientos" VALUES (48,5,'LLANTAS DELANTERAS COMPRO CON FREDY CAMARGO',380000,'2026-05-27 00:00:00',NULL,NULL,'RAIMUNDO',NULL,NULL,6);
INSERT INTO "Mantenimientos" VALUES (49,5,'CUOTA HERNAN MAYO',1000000,'2026-05-17 00:00:00',NULL,NULL,'HERNAN SANCHEZ',NULL,NULL,9);
INSERT INTO "Mantenimientos" VALUES (50,5,'cambio de aceite lubricentro universal FE 17030',100000,'2026-07-13 00:00:00',NULL,NULL,'LUBRICENTRO UNIVERSAL',NULL,'4803.0',7);
INSERT INTO "Mantenimientos" VALUES (51,6,'jhjhjhjtytyty',250000,'2026-07-15 00:00:00',NULL,NULL,NULL,NULL,NULL,1);
INSERT INTO "Mantenimientos" VALUES (52,1,'RETENEDORES',25000,'2026-01-04 00:00:00',NULL,NULL,NULL,NULL,NULL,15);
INSERT INTO "Mantenimientos" VALUES (53,1,'RETENEDORES',20000,'2026-01-11 00:00:00',NULL,NULL,NULL,NULL,NULL,15);
INSERT INTO "Mantenimientos" VALUES (54,1,'ALINEACION',25000,'2026-01-14 00:00:00',NULL,NULL,NULL,NULL,NULL,15);
INSERT INTO "Mantenimientos" VALUES (55,1,'MANO OBRA GUSTAVO',40000,'2026-01-12 00:00:00',NULL,NULL,NULL,NULL,NULL,15);
INSERT INTO "Mantenimientos" VALUES (56,1,'MANO DE OBRA Y 1/4 OIL',75000,'2026-01-05 00:00:00',NULL,NULL,NULL,NULL,NULL,15);
INSERT INTO "Mantenimientos" VALUES (57,1,'ROTULA',50000,'2026-01-13 00:00:00',NULL,NULL,NULL,NULL,NULL,15);
INSERT INTO "Mantenimientos" VALUES (58,1,'HAROL',80000,'2026-01-15 00:00:00',NULL,NULL,NULL,NULL,NULL,15);
INSERT INTO "Mantenimientos" VALUES (59,1,'CAMBIO DE ACEITE',91000,'2026-02-04 00:00:00',NULL,NULL,NULL,NULL,NULL,5);
INSERT INTO "Mantenimientos" VALUES (60,1,'FORROS',280000,'2026-02-06 00:00:00',NULL,NULL,NULL,NULL,NULL,15);
INSERT INTO "Mantenimientos" VALUES (61,1,'TALLER MANIJA',50000,'2026-02-19 00:00:00',NULL,NULL,NULL,NULL,NULL,15);
INSERT INTO "Mantenimientos" VALUES (62,1,'ARREGLO ELEVAVIDRIOS',25000,'2026-02-22 00:00:00',NULL,NULL,NULL,NULL,NULL,4);
INSERT INTO "Mantenimientos" VALUES (63,1,'LLANTAS',380000,'2026-03-13 00:00:00',NULL,NULL,NULL,NULL,NULL,13);
INSERT INTO "Mantenimientos" VALUES (64,1,'CAMBIO DE PASTILLAS Y RODAMENTO',290000,'2026-04-09 00:00:00',NULL,NULL,NULL,NULL,NULL,15);
INSERT INTO "Mantenimientos" VALUES (65,1,'LIMPIEZA CUERPO DE ACELE',40000,'2026-04-15 00:00:00',NULL,NULL,NULL,NULL,NULL,15);
INSERT INTO "Mantenimientos" VALUES (66,1,'TALLER HAROL',364000,'2026-04-18 00:00:00',NULL,NULL,'TALLER HAROL',NULL,NULL,15);
INSERT INTO "Mantenimientos" VALUES (67,1,'ARREGLO DE ARRANQUE',120000,'2026-04-27 00:00:00',NULL,NULL,NULL,NULL,NULL,2);
INSERT INTO "Mantenimientos" VALUES (68,1,'BATERIA (CARBUELECTRICOS)',195000,'2026-04-30 00:00:00',NULL,NULL,NULL,NULL,NULL,4);
INSERT INTO "Mantenimientos" VALUES (69,1,'KIT DE REPARTICION KILOMETRAJE 824000 PROX 850000',145000,'2026-05-08 00:00:00',NULL,NULL,NULL,NULL,NULL,15);
INSERT INTO "Mantenimientos" VALUES (70,1,'ARREGLO CAÑA DE DIRECCION',50000,'2026-05-11 00:00:00',NULL,NULL,NULL,NULL,NULL,15);
INSERT INTO "Mantenimientos" VALUES (71,1,'ARREGLO RADIADOR',80000,'2026-05-12 00:00:00',NULL,NULL,NULL,NULL,NULL,10);
INSERT INTO "Mantenimientos" VALUES (72,1,'CAMBIO DE ACEITE',90000,'2026-06-07 00:00:00',NULL,NULL,NULL,NULL,NULL,5);
INSERT INTO "Mantenimientos" VALUES (73,1,'ARREGLO ALTERNADOR REPUESTOS',84000,'2026-06-10 00:00:00',NULL,NULL,NULL,NULL,NULL,9);
INSERT INTO "Mantenimientos" VALUES (74,1,'MANO OBRA PANDA ALTERNADOR',40000,'2026-06-11 00:00:00',NULL,NULL,NULL,NULL,NULL,9);
INSERT INTO "Mantenimientos" VALUES (75,1,'RECARGA EXTINTOR',12000,'2026-06-30 00:00:00',NULL,NULL,NULL,NULL,NULL,15);
INSERT INTO "TiposMantenimiento" VALUES (1,'Motor');
INSERT INTO "TiposMantenimiento" VALUES (2,'Caja de Cambios');
INSERT INTO "TiposMantenimiento" VALUES (3,'Suspensión');
INSERT INTO "TiposMantenimiento" VALUES (4,'Sistema Eléctrico');
INSERT INTO "TiposMantenimiento" VALUES (5,'Cambio de Aceite');
INSERT INTO "TiposMantenimiento" VALUES (6,'Frenos');
INSERT INTO "TiposMantenimiento" VALUES (7,'Cambio Correa Rep.');
INSERT INTO "TiposMantenimiento" VALUES (8,'Cambio Correa Dite');
INSERT INTO "TiposMantenimiento" VALUES (9,'Alternador');
INSERT INTO "TiposMantenimiento" VALUES (10,'Rayador');
INSERT INTO "TiposMantenimiento" VALUES (11,'Closh');
INSERT INTO "TiposMantenimiento" VALUES (12,'Pintura');
INSERT INTO "TiposMantenimiento" VALUES (13,'Llantas');
INSERT INTO "TiposMantenimiento" VALUES (14,'Batería');
INSERT INTO "TiposMantenimiento" VALUES (15,'Otro');
INSERT INTO "Usuarios" VALUES (1,'Admin','Admin12345','Daniel');
INSERT INTO "Usuarios" VALUES (2,'AdminJuan','Juan12345','Juan Pablo');
INSERT INTO "Usuarios" VALUES (3,'AdminNico','12345','Nicolas Alfredo');
INSERT INTO "Vehiculos" VALUES (1,'Hyundai atos 2011','SMY843','Juan Pablo');
INSERT INTO "Vehiculos" VALUES (2,'Hyundai atos 2006','VDR817','Juan Pablo');
INSERT INTO "Vehiculos" VALUES (3,'Hyundai atos 2006','VDU956','Juan Pablo');
INSERT INTO "Vehiculos" VALUES (4,'Hyundai atos 2012','SWS031','Juan Pablo');
INSERT INTO "Vehiculos" VALUES (5,'Hyundai vision 2006','VER671','Juan Pablo');
INSERT INTO "Vehiculos" VALUES (6,'CORSA','CII813','Nicolas Alfredo');
CREATE INDEX IF NOT EXISTS "IX_LiquidacionesDiarias_ConductorId" ON "LiquidacionesDiarias" (
	"ConductorId"
);
CREATE INDEX IF NOT EXISTS "IX_LiquidacionesDiarias_VehiculoId" ON "LiquidacionesDiarias" (
	"VehiculoId"
);
CREATE INDEX IF NOT EXISTS "IX_Mantenimientos_TipoMantenimientoId" ON "Mantenimientos" (
	"TipoMantenimientoId"
);
CREATE INDEX IF NOT EXISTS "IX_Mantenimientos_VehiculoId" ON "Mantenimientos" (
	"VehiculoId"
);
COMMIT;
